Code,Name,Parent Category Code,Image name
AA1,រូបកាតហាង,A1,no_image.png
AA2,ថតភ្លាមយកភ្លាម,A1,no_image.png
BB1,រូបStudioហាង,B1,no_image.png
BB2,អាល់ប៊ុមពិសេស,B1,no_image.png
BB3,អាល់ប៊ុមពិសេស+1Set ,B1,no_image.png
BB4,ថតភ្លាមយកភ្លាម,B1,no_image.png
CC1,T N,C1,no_image.png
CC2,ផ្ដិតហ្វិល,C1,no_image.png
CC3,Memory,C1,no_image.png
CC4,Memory + អ៌ុត,C1,no_image.png
CC5,Scanដដែល,C1,no_image.png
CC6,ដូរផ្ទៃ,C1,no_image.png
CC7,លុបស្នាម,C1,no_image.png
CC8,កូលរ័,C1,no_image.png
CC9,ឡង់យ៉េ,C1,no_image.png
CC10,ក្បាល,C1,no_image.png
CC11,កែសាច់ម៉ត់,C1,no_image.png
CC12,ហៅចេញ,C1,no_image.png
CC13,Name card,C1,no_image.png
CC14,ព្រីនកាត,C1,no_image.png
CC15,ធ្វើកំរប​​​​ រូបថត CD,C1,no_image.png
CC16,តំរាបខ្នាតកាត,C1,no_image.png
CC17,បញ្ចូនហ្វីលផ្ដិត,C1,no_image.png
CC18,អាល់ប៊ុំពិសេស+រូប,C1,no_image.png
CC19,តេសក្រដាស,C1,no_image.png
CC20,រូបបិតត្បូង,C1,no_image.png
DD1,ស្ទីកគឺ,D1,no_image.png
DD2,ស្ទីកគឺថ្លា,D1,no_image.png
DD3,ហ្វីល,D1,no_image.png
DD4,PVC,D1,no_image.png
DD5,PVCក្រាស់,D1,no_image.png
DD6,ក្រណាត់,D1,no_image.png
DD7,ក្រណាត់វាំងនន,D1,no_image.png
DD8,ផ្លាកស្ទីក X Trand,D1,no_image.png
DD9,snor 3លី,D1,no_image.png
DD10,snor 5លី,D1,no_image.png
DD11,Snor10លី,D1,no_image.png
DD12,មេការ 3លី,D1,no_image.png
DD13,មេការ 5លី,D1,no_image.png
DD14,មេការ 10លី,D1,no_image.png
DD15,មេការស 3លី,D1,no_image.png
DD16,មេការ ស5លី,D1,no_image.png
DD17,មេការ ស10លី,D1,no_image.png
DD18,កញ្ចក់ 3លី,D1,no_image.png
DD19,កញ្ចក់ 5លី,D1,no_image.png
DD20,កញ្ចក់ 8លី,D1,no_image.png
DD21,កញ្ចក់ 10លី,D1,no_image.png
DD22,កញ្ចក់ 12លី,D1,no_image.png
DD23,ព្រីនផុស 3លី,D1,no_image.png
DD24,ព្រីនផុស 5លី,D1,no_image.png
DD25,ព្រីនផុស 10លី,D1,no_image.png
DD26,ព្រីនផុស រលោង3លី,D1,no_image.png
DD27,ព្រីនផុស រលោង5លី,D1,no_image.png
DD28,ព្រីនផុស រលោង 10លី,D1,no_image.png
DD29,កញ្ចក់សំលៀង 5លី,D1,no_image.png
DD30,កញ្ចក់សំលៀង 8លី,D1,no_image.png
DD31,កញ្ចក់សំលៀង 10លី,D1,no_image.png
DD32,កញ្ចក់សំលៀង 12លី,D1,no_image.png
DD33,ញ្ចក់សំលៀង ឆ្អិន10លី,D1,no_image.png
DD34,ព្រីនដូចគំនូរ,D1,no_image.png
DD35,ព្រីនស្បែក,D1,no_image.png
DD36,ព្រីនលើឈើល្អ,D1,no_image.png
DD37,ព្រីនលើក្តារកុងផ្លាកកេ,D1,no_image.png
DD38,ព្រីនលើដែក,D1,no_image.png
DD39,ព្រីនលើអាលុយមីញូម,D1,no_image.png
DD40,ព្រីនលើការ៉ូ,D1,no_image.png
DD41,ព្រីនលើមាត្រ,D1,no_image.png
DD42,សំបកទូរសព្ទ័ ,D1,no_image.png
DD43,ថ្លៃព្រីនUV ,D1,no_image.png
DD44,ព្រីន លេខ2,D1,no_image.png
DD45,ព្រីនលេខ3,D1,no_image.png
DD46,ព្រីនPVC Express,D1,no_image.png
DD47,បន្តោងសោរ,D1,no_image.png
EE1,fujixexor ស+ខ្មៅ ,E1,no_image.png
EE2,fujixexor កូល័រ ,E1,no_image.png
EE3, card fujixexor,E1,no_image.png
EE4,ឡង់យ៉េfujixexor ,E1,no_image.png
EE5,fujixexorស្ទីកគឺ,E1,no_image.png
EE6,fujixexorស្ទីកគឺថ្លា,E1,no_image.png
EE7,fujixexorហ្វិល,E1,no_image.png
EE8,ព្រីនលើអាវ,E1,no_image.png
EE9,ព្រីនលើមួក,E1,no_image.png
EE10,ព្រីនលើកែវ,E1,no_image.png
EE11,ព្រីនលើចាន,E1,no_image.png
EE12,ថ្លៃព្រីនfujixexor,E1,no_image.png
EE13,ធ្វើសៀវភៅ,E1,no_image.png
FF1,Fuji copy ស+ខ្មៅ ,F1,no_image.png
FF2,Fuji Print ស+ខ្មៅ ,F1,no_image.png
FF3,Fuji Copy  កូល័រ ,F1,no_image.png
FF4,Fuji Print កូល័រ ,F1,no_image.png
FF5,copyស+ខ្មៅ,F1,no_image.png
FF6,Copy  កូល័រ ,F1,no_image.png
GG1,បន្តោង,G1,no_image.png
GG2,ឣ៊ុតគ្រើឞ,G1,no_image.png
GG3,ឣ៊ុតរឹង,G1,no_image.png
GG4,វាយអត្ថបទ,G1,no_image.png
GG5,ផាត់មុខ,G1,no_image.png
GG6,ផ្កានំ Cake,G1,no_image.png
GG7,ជំពាក់ចាស់,G1,no_image.png
GG8,បន្ទប់ជួលសំរាប់ថត,G1,no_image.png
GG9,ព្រីនលើ CD,G1,no_image.png
GG10,លាងកាសែតធំ,G1,no_image.png
GG11,ផ្ញើរឡាន,G1,no_image.png
GG12,សេវចូលផ្លាស់,G1,no_image.png
GG13,លាងហ្វីល,G1,no_image.png
GG14,បញ្ចូនហ្វីល,G1,no_image.png
GG15,BURN to CD,G1,no_image.png
GG16,Album 1ក្បាល  ,G1,no_image.png
GG17,ជួលជើង ,G1,no_image.png
GG18,គល់ក្រហម,G1,no_image.png
GG19,លុយទឹកថ្នាំ,G1,no_image.png
GG20,ចំនូលបុគ្គលិកដាក់​លុយ,G1,no_image.png
GG21,កែរូបអត់ផ្តិត ១សន្លឹក  ,G1,no_image.png
GG22,កែរូបផលិតផល ,G1,no_image.png
GG23,កែរូបមុខម្ហុប​  ,G1,no_image.png
GG24,ជួសជុលម៉ាស៊ីន ,G1,no_image.png
GG25,ផ្ញើរឡាន,G1,no_image.png
GG26,បោករូកចាក់់,G1,no_image.png
HH1,សំបកទូរសព្ទ័,H1,no_image.png
HH2,គ្រាប់ចាប់កញ្ចក់,H1,no_image.png
HH3,X Trand,H1,no_image.png
HH4,ម៉ោង,H1,no_image.png
HH5,ដុំភ្លើង,H1,no_image.png
HH6,ភ្លើងLED,H1,no_image.png
HH7,ប្រអប់ចាប់រូប,H1,no_image.png
HH8,ឈើចាប់រូប,H1,no_image.png
HH9,ថ្លៃតំឡើងស៊ុំ,H1,no_image.png
HH10,ថ្លៃបិទស្ទីកគ័រ ,H1,no_image.png
II1,កាសែតវីដេអូតូច  ,I1,no_image.png
II2,លាងក្បាល,I1,no_image.png
II3,កាសែតម៉ាញ៉េ,I1,no_image.png
II4,កាសែត Vidio,I1,no_image.png
II5,បន្ទះការពារមូស,I1,no_image.png
JJ1,Duracell,J1,no_image.png
JJ2,Panasonic,J1,no_image.png
JJ3,ឆ្នាំងសាក,J1,no_image.png
JJ4,sanyo,J1,no_image.png
JJ5,ថ្ម Camelion,J1,no_image.png
JJ6,Fuji,J1,no_image.png
JJ7,ថ្មGP,J1,no_image.png
JJ8,ថ្ម9V ,J1,no_image.png
JJ9,ថ្ម6v,J1,no_image.png
JJ10,ថ្មTele,J1,no_image.png
JJ11,ថ្ម,J1,no_image.png
JJ12,ថ្មសាក់់ ,J1,no_image.png
JJ13,ថ្មសាក Camelion,J1,no_image.png
JJ14,ថ្មសាក់ (9V)  ,J1,no_image.png
JJ15,ថ្ម Digital,J1,no_image.png
JJ16,ឆ្នាំង Digital,J1,no_image.png
JJ17,ថ្មសាក់ (9V)  ,J1,no_image.png
JJ18,ឆ្នាំងសាក់ +ថ្ម,J1,no_image.png
JJ19,ឌុយសាក់់,J1,no_image.png
JJ20,ខ្សែឆ្នាំងសាក  ,J1,no_image.png
JJ21,ឆ្នាំងសាក,J1,no_image.png
KK1,Canon,K1,no_image.png
KK2,Nikon,K1,no_image.png
KK3,Casio,K1,no_image.png
KK4,Sony,K1,no_image.png
KK5,ម៉ាស៊ីន HP,K1,no_image.png
KK6,ម៉ាស៊ីនចាស់ ,K1,no_image.png
LL1,ស្រោម ម៉ាស៊ីន,L1,no_image.png
LL2,ទលេផ្លោស់,L1,no_image.png
LL3,Minota Auto,L1,no_image.png
LL4,ជើងផ្លាស់,L1,no_image.png
LL5,កែវការពារ,L1,no_image.png
LL6,ខ្សែម៉ាស៊ីន  ,L1,no_image.png
LL7,គំរបម៉ាស៊ីន  ,L1,no_image.png
LL8,LED Screen Camera ,L1,no_image.png
LL9,កែវម៉ាស៊ីន​,L1,no_image.png
LL10,ផ្លាស់,L1,no_image.png
LL11,ដងឡង់យ៉េ,L1,no_image.png
LL12,ជើងម៉ាស៊ីន,L1,no_image.png
LL13,ហ្វុង,L1,no_image.png
LL14,ក្បាលត,L1,no_image.png
LL15,ភើ្លងហ្វា  ,L1,no_image.png
LL16,អំពូលភ្លើងឆ្រ័ត,L1,no_image.png
LL17,ភ្លើងឆ្រ័ត,L1,no_image.png
LL18,ជើងឆ្រ័ត,L1,no_image.png
LL19,សំបុក,L1,no_image.png
LL20,ឆត្រ័បុក,L1,no_image.png
LL21,ជុសជុល&គ្រើង​ម៉ាស៊ីនថត ,L1,no_image.png
MM1,DVD,M1,no_image.png
MM2,CD,M1,no_image.png
MM3,Disket  ,M1,no_image.png
MM4,Stic Duo,M1,no_image.png
MM5,MiniSD,M1,no_image.png
MM6,SD,M1,no_image.png
MM7,SDHC,M1,no_image.png
MM8,SD UlTRA,M1,no_image.png
MM9,SD EXTREME,M1,no_image.png
MM10,Micro SD,M1,no_image.png
MM11,XD,M1,no_image.png
MM12,CompactFlash,M1,no_image.png
MM13,U.S.B,M1,no_image.png
MM14,Card Reader  ,M1,no_image.png
MM15,Mouse  ,M1,no_image.png
MM16,Key Bord  ,M1,no_image.png
MM17,Infra  ,M1,no_image.png
MM18,Bluetooth  ,M1,no_image.png
MM19,ខ្សែ USB,M1,no_image.png
MM20,ឧបករណ៍កុំព្យូរទ័រ,M1,no_image.png
MM21,CD Room  ,M1,no_image.png
MM22,Hard Disk,M1,no_image.png
MM23,RAM,M1,no_image.png
MM24,Monitor   ,M1,no_image.png
MM25,HUB,M1,no_image.png
MM26, កុំព្យូរទ័រ ,M1,no_image.png
MM27,ម៉ាស៊ីនស្កែន,M1,no_image.png
MM28,សំបកCD+DVD,M1,no_image.png
NN12,ហូល(13x18)  ,N1,no_image.png
NN13,អាល់ប៊ុំឈើពិសេស  ,N1,no_image.png
NN1,អាល់ប៊ុំ (10x15)  ,N1,no_image.png
NN2,អាល់ប៊ុំ (13x18)  ,N1,no_image.png
NN3,អាល់ប៊ុំ VN,N1,no_image.png
NN4,VN 40 (30x40) ,N1,no_image.png
NN5,អាល់ប៊ុំឈើ(10x15)  ,N1,no_image.png
NN6,អាល់ប៊ុំឈើ(13x18)  ,N1,no_image.png
NN7,អាល់ប៊ុំឈើ(15x20),N1,no_image.png
NN8,អាល់ប៊ុំឈើសមានស៊ុំ,N1,no_image.png
NN9,អាល់ប៊ុំឈើ គ្រីស្ទាល់ពណ័សរ,N1,no_image.png
NN10,អាល់ប៊ុំស្បែក,N1,no_image.png
NN11,ហូល(10x15)  ,N1,no_image.png
NN12,ហូល(13x18)  ,N1,no_image.png
NN13,អាល់ប៊ុំឈើពិសេស  ,N1,no_image.png
NN14,ប្រអប់អាល់ប៊ុំ,N1,no_image.png
NN15,អាល់ប៊ុំបកបិត,N1,no_image.png
NN16,កាបូបអាល់ប៊ុំ,N1,no_image.png
NN17,អាល់ប៊ុំឆ្លាក់ឈ្មោះ,N1,no_image.png
NN18,សំបកធៀប  ,N1,no_image.png
NN19,អាល់ប៊ុំហាង,N1,no_image.png
NN20,ទស្សនាវដ្តី ,N1,no_image.png
OO1,ស៊ុំខ្មែរ កាំម្ញី,O1,no_image.png
OO2,ឈើមូល,O1,no_image.png
OO3,ឈើកាំម្ញីថៃ,O1,no_image.png
OO4,គុតខ្យង,O1,no_image.png
OO5,ក្បាច់ត្រី,O1,no_image.png
OO6,ឈើឞូលខ្មៅ,O1,no_image.png
OO7,កុលាបជ័រតូច,O1,no_image.png
OO8,កុលាបធំ,O1,no_image.png
OO9,ក្បាច់មាស 12,O1,no_image.png
OO10,ក្បាច់ 04,O1,no_image.png
OO11,ក្បាច់05,O1,no_image.png
OO12,ក្បាច់ 06B,O1,no_image.png
OO13,ក្បាច់ 07,O1,no_image.png
OO14,ក្បាច់ 09,O1,no_image.png
OO15,ក្បាច់ 11,O1,no_image.png
OO16,ក្បាច់12តូច,O1,no_image.png
OO17,ក្បាច់ 16A,O1,no_image.png
OO18,ក្បាច់ 16B,O1,no_image.png
OO19,ក្បាច់16C,O1,no_image.png
OO20,ក្បាច់005,O1,no_image.png
OO21,ក្បាច់100,O1,no_image.png
OO22,ក្បាច់ 209,O1,no_image.png
OO23,ក្បាច់212,O1,no_image.png
OO24,ក្បាច់ 214,O1,no_image.png
OO25,ក្បាច់215,O1,no_image.png
OO26,ក្បាច់ 222​​​​,O1,no_image.png
OO27,ក្បាច់ 244​​​​,O1,no_image.png
OO28,ក្បាច់305​,O1,no_image.png
OO29,ក្បាច់ 316,O1,no_image.png
OO30,ក្បាច់ 333,O1,no_image.png
OO31,ក្បាច់ 388,O1,no_image.png
OO32,ក្បាច់ 504,O1,no_image.png
OO33,ក្បាច់ 505,O1,no_image.png
OO34,ក្បាច់ 600G,O1,no_image.png
OO35,ក្បាច់ 639,O1,no_image.png
OO36,ក្បាច់ 704,O1,no_image.png
OO37,ក្បាច់ 803,O1,no_image.png
OO38,កាច់ 901,O1,no_image.png
OO39,ក្បាច់ 939,O1,no_image.png
OO40,ក្បាច់ 1150,O1,no_image.png
OO41,ក្បាច់1507,O1,no_image.png
OO42,ក្បាច់ 2026,O1,no_image.png
OO43,ក្បាច់ 2028,O1,no_image.png
OO44,ក្បាច់ 2503,O1,no_image.png
OO45,ក្បាច់2703,O1,no_image.png
OO46,ក្បាច់ 3009,O1,no_image.png
OO47,ក្បាច់ 3043,O1,no_image.png
OO48,ក្បាច់ 3054,O1,no_image.png
OO49,ក្បាច់ 3055,O1,no_image.png
OO50,ក្បាច់ 3093,O1,no_image.png
OO51,ក្បាច់ 4006,O1,no_image.png
OO52,ក្បាច់ 4020,O1,no_image.png
OO53,ក្បាច់ 4503,O1,no_image.png
OO54,ក្បាច់ 4510,O1,no_image.png
OO55,ក្បាច់ 4511,O1,no_image.png
OO56,ក្បច់4529,O1,no_image.png
OO57,ក្បច់4553,O1,no_image.png
OO58,ក្បាច់ 4572,O1,no_image.png
OO59,ក្បាច់ 5101,O1,no_image.png
OO60,ក្បាច់ 5908,O1,no_image.png
OO61,កាច់ 6002,O1,no_image.png
OO62,ក្បាច់6004,O1,no_image.png
OO63,ក្បាច់ 7017,O1,no_image.png
OO64,ក្បាច់ 7022,O1,no_image.png
OO65,ក្បាច់ 8018,O1,no_image.png
OO66,ក្បាច់ 8020,O1,no_image.png
OO67,ក្បាច់​8501,O1,no_image.png
OO68,ក្បាច់8509,O1,no_image.png
OO69,ក្បាច់ 10007,O1,no_image.png
OO70,ក្បាច់ផ្កាផុស,O1,no_image.png
OO71,ជើងឈើ,O1,no_image.png
OO72,ចាក់ស៊ុំកញ្ចក់ ,O1,no_image.png
OO73,ស៊ុំកញ្ចក់,O1,no_image.png
OO74,បណ្តូលមាស,O1,no_image.png
OO75,កាត់កញ្ចក់,O1,no_image.png
OO76,កាត់ក្រដាស  ,O1,no_image.png
OO77,សុពា្ញកាស,O1,no_image.png
OO78,សុពា្ញកាស ថ្ម,O1,no_image.png
OO79,កុលាបថ្មី (50x70)   ,O1,no_image.png
OO80,កូលាបតូច,O1,no_image.png
OO81,ក្បាច់ 1B,O1,no_image.png
OO82,ក្បាច់ 08,O1,no_image.png
OO83,ក្បាច់219,O1,no_image.png
OO84,ក្បាច់304,O1,no_image.png
OO85,ក្បាច់533,O1,no_image.png
OO86,ក្បាច់3011,O1,no_image.png
OO87,ក្បាច់3022,O1,no_image.png
OO88,ក្បាច់4511,O1,no_image.png
OO89,កាច់ 6002,O1,no_image.png
OO90,ក្បាច់ 6717,O1,no_image.png
OO91,ក្បាច់6243,O1,no_image.png
OO92,ក្បាច់7009,O1,no_image.png
OO93,ស៊ុមល្អ,O1,no_image.png
OO94,ស៊ុមមេកា,O1,no_image.png
PP1,ក្រដាស Fuji,P1,no_image.png
PP2,ក្រដាស Daimond,P1,no_image.png
PP3,ក្រដាស ទឹកមាស,P1,no_image.png
PP4,ក្រដាស់ Kodak,P1,no_image.png
PP5,ក្រដាសគូបពី,P1,no_image.png
PP6,ក្រដាសពណ៏,P1,no_image.png
QQ1,ម៉ាស៊ីនធំ,Q1,no_image.png
QQ2,ទឹកមាស,Q1,no_image.png
QQ3,TETENAL,Q1,no_image.png
QQ4,ទឹកថ្នាំ MY,Q1,no_image.png
QQ5,Sater,Q1,no_image.png
QQ6,ទឹកថ្នាំ Copy,Q1,no_image.png
QQ7,ទឹកថ្នាំ ព្រីន,Q1,no_image.png
QQ8,ផ្លាកស្ទិចអ៊ុត,Q1,no_image.png
QQ9,ផ្លាសស្ទិច អ៊ុតគ្រើម,Q1,no_image.png
QQ10,ឆ្មាំងអ៊ុតរឹងធំ  ,Q1,no_image.png
QQ11,សឺមី,Q1,no_image.png
QQ12,កន្ត្រៃផ្កា  ,Q1,no_image.png
QQ13,ជុសជុល&គ្រើងម៉ាស៊ីន,Q1,no_image.png
RR1,ទឹកថ្នាំUV,R1,no_image.png
RR2,ឧបករណ៏ម៉ាស៊ីនUV,R1,no_image.png
RR3,ស្តុកភ្លើងLED,R1,no_image.png
RR4,ស្ទីកគឺ,R1,no_image.png
RR5,ស្ទីកគឺថ្លា,R1,no_image.png
RR6,ហ្វីល,R1,no_image.png
RR7,PVC,R1,no_image.png
RR8,ក្រដាស់ Set up,R1,no_image.png
RR9,ក្រដាសព្រីន លើអាវ ,R1,no_image.png
RR10,ក្រណាត់,R1,no_image.png
RR11,ក្រណាត់វាំងនន,R1,no_image.png
RR12,ផ្លាកស្ទីក X Trand,R1,no_image.png
RR13,snor ,R1,no_image.png
RR14,មេការ ថ្លា,R1,no_image.png
RR15,មេការស ,R1,no_image.png
RR16,មេការចាប់់ភ្លើង,R1,no_image.png
RR17,កញ្ចក់ ,R1,no_image.png
RR18,ថ្លៃសំលៀងកញ្ចក់,R1,no_image.png
RR19,ស្បែក,R1,no_image.png
RR20,ឈើល្អ,R1,no_image.png
RR21,កុងផ្លាកកេ,R1,no_image.png
RR22,ក្តារ,R1,no_image.png
RR23,ក្តារ​ត,R1,no_image.png
RR24,ក្តារ​ស​,R1,no_image.png
RR25,ហ្វូមកា​,R1,no_image.png
RR26,ដែក,R1,no_image.png
RR27,ការ៉ូ,R1,no_image.png
RR28,មាត្រ,R1,no_image.png
RR29,ទឹកថ្នាំបាញ់កព្ចាក់,R1,no_image.png
RR30,ជ័រ​ ស្រទាប់ចេក,R1,no_image.png
RR31,ជុសជុល&គ្រើង​UV ,R1,no_image.png
SS1,ទឹកថ្នាំ,S1,no_image.png
SS2,ទឹកថ្នាំsater,S1,no_image.png
SS3,ឧបករណ៏ Fujixerox,S1,no_image.png
SS4,ក្រដាសព្រីន Fuji,S1,no_image.png
SS5,ក្រដាស​ព្រីន VIP ,S1,no_image.png
SS6, card  ហែកអត់ដាច់ ,S1,no_image.png
SS7,ស្ទីកគឺ,S1,no_image.png
SS8,ស្ទីកគឺថ្លា,S1,no_image.png
SS9,ហ្វិល,S1,no_image.png
SS10,ស្កត់ព្រីនអ៊ុតលើអាវ ,S1,no_image.png
SS11,អាវ,S1,no_image.png
SS12,មួក,S1,no_image.png
SS13,កែវ,S1,no_image.png
SS14,ចាន,S1,no_image.png
SS15,កាតុង,S1,no_image.png
SS16,ផ្លាកស្ទិចអ៊ុត 500M ,S1,no_image.png
SS17,ផ្លាសស្ទិច ធ្វើសៀវភៅ,S1,no_image.png
SS18,ប្រអប់ Namecard  ,S1,no_image.png
SS19,ស្កុតបិតគុលសៀវភៅ,S1,no_image.png
SS20,កង ,S1,no_image.png
SS21,ខ្ចៅ ,S1,no_image.png
SS22,គ្រាប់កិប ,S1,no_image.png
SS23,កាវ​,S1,no_image.png
SS24,ជុសជុល&គ្រើង​Fujixerox,S1,no_image.png
TT1,ក្រដាស  ,T1,no_image.png
TT2,កែង,T1,no_image.png
TT3,គ្រាប់កិប,T1,no_image.png
TT4,គ្រាប់កិបV,T1,no_image.png
TT5,ឡេវ,T1,no_image.png
TT6,គ្រាប់ឪឡឹក,T1,no_image.png
TT7,ខ្ចៅ,T1,no_image.png
TT8,គ្រាប់ស្នៀត,T1,no_image.png
TT9,ខ្ចៅ,T1,no_image.png
TT10,ឡាម,T1,no_image.png
TT11,ថង់,T1,no_image.png
TT12,បណ្តូលមាស ,T1,no_image.png
TT13,កញ្ចក់,T1,no_image.png
TT14,ក្តារ,T1,no_image.png
TT15,ក្បាច់ 06,T1,no_image.png
TT16,ក្បាច់ត្រី​,T1,no_image.png
TT17,ឈើឞូលខ្មៅ 101,T1,no_image.png
TT18,ឈើឞូលខ្មៅ 102,T1,no_image.png
TT19,ឈើឞូលខ្មៅ103,T1,no_image.png
TT20,កុលាបធំ    ,T1,no_image.png
TT21,ក្បាច់មាស12,T1,no_image.png
TT22,កាច់ 04,T1,no_image.png
TT23,ក្បាច់16,T1,no_image.png
TT24,ក្បាច់005​,T1,no_image.png
TT25,ក្បាច់ 209,T1,no_image.png
TT26,ក្បាច់ 212,T1,no_image.png
TT27,ក្បាច់ 214,T1,no_image.png
TT28,ក្បាច់ 215,T1,no_image.png
TT29,កាច់​ 222,T1,no_image.png
TT30,ក្បាច់244,T1,no_image.png
TT31,ក្បាច់305​,T1,no_image.png
TT32,ក្បាច់ 316,T1,no_image.png
TT33,ក្បាច់ 333​,T1,no_image.png
TT34,ក្បាច់ 388,T1,no_image.png
TT35,ក្បាច់504,T1,no_image.png
TT36,ក្បាច់505wG,T1,no_image.png
TT37,ក្បាច់ 600G,T1,no_image.png
TT38,ក្បាច់ 639,T1,no_image.png
TT39,ក្បាច់704wG,T1,no_image.png
TT40,ក្បាច់ 803មាស,T1,no_image.png
TT41,ក្បាច់ 939G,T1,no_image.png
TT42,ក្បាច់4503,T1,no_image.png
TT43,ក្បាច់ 604G,T1,no_image.png
TT44,ក្បាច់10007,T1,no_image.png
TT45,ជុសជុល&គ្រើង​ស៊ុំ,T1,no_image.png
UU1,ស្បែកមីញ៉ូមDA01,U1,no_image.png
UU2,ស្បែកមីញ៉ូមDI 04 A,U1,no_image.png
UU3,ស្បែកមីញ៉ូមDH 07,U1,no_image.png
UU4,ស្បែកមីញ៉ូមDI 08,U1,no_image.png
UU5,ស្បែកមីញ៉ូមDI 10s,U1,no_image.png
UU6,ស្បែកមេកាDA 02,U1,no_image.png
UU7,ស្បែកមេកាDA03,U1,no_image.png
UU8,ស្បែកមេកាDI 07,U1,no_image.png
UU9,ស្បែកមេកាDHI 02,U1,no_image.png
UU10,ស្បែក​​ចាស់DH 01,U1,no_image.png
UU11,ស្បែក​​ចាស់DI 02,U1,no_image.png
UU12,ស្បែក​​ចាស់DH 04,U1,no_image.png
UU13,ស្បែក​​ចាស់DH 06,U1,no_image.png
UU14,ស្បែក​​ចាស់D 091,U1,no_image.png
UU15,ស្បែក​​ចាស់DH 100,U1,no_image.png
UU16,ស្បែក​​ចាស់DI 07,U1,no_image.png
UU17,ស្បែក​​ចាស់DH 107A,U1,no_image.png
UU18,ស្បែក​​ចាស់DH 121,U1,no_image.png
UU19,ស្បែក​​ចាស់DH 126,U1,no_image.png
UU20,ស្បែក​​ចាស់DH 139N,U1,no_image.png
UU21,ស្បែកថ្មី DL.XL.09,U1,no_image.png
UU22,ស្បែក​​ចាស់DH 108,U1,no_image.png
UU23,ស្បែកថ្មី ACH.101,U1,no_image.png
UU24,ឈើ​CLLR 01,U1,no_image.png
UU25,ឈើ​CLLR 02,U1,no_image.png
UU26,ឈើH​CLR 03,U1,no_image.png
UU27,ឈើ​HC 41,U1,no_image.png
UU28,ឈើ​HC 56,U1,no_image.png
UU29,ឈើ​HC 64,U1,no_image.png
UU30,ឈើ​HC 66,U1,no_image.png
UU31,ឈើសេរីចាស់បកបិត,U1,no_image.png
UU32,ឈើគ្រីស្ទាល់​​​ A 3,U1,no_image.png
UU33,ឈើគ្រីស្ទាល់​A 4,U1,no_image.png
UU34,ឈើគ្រីស្ទាល់​A 5,U1,no_image.png
UU35,ឈើគ្រីស្ទាល់​A8,U1,no_image.png
UU36,ឈើគ្រីស្ទាល់​A11,U1,no_image.png
UU37,ឈើគ្រីស្ទាល់​​​ A13,U1,no_image.png
UU38,ឈើគ្រីស្ទាល់​ A15,U1,no_image.png
UU39,ឈើគ្រីស្ទាល់A12005,U1,no_image.png
UU40,ឈើគ្រីស្ទាល់A12007,U1,no_image.png
UU41,ឈើគ្រីស្ទាល់A12009,U1,no_image.png
UU42,ឈើគ្រីស្ទាល់A12011,U1,no_image.png
UU43,ឈើគ្រីស្ទាល់A12013,U1,no_image.png
UU44,ឈើគ្រីស្ទាល់A12015,U1,no_image.png
UU45,ឈើគ្រីស្ទាល់​A1​2075​ ,U1,no_image.png
UU46,ឈើគ្រីស្ទាល់​​ A12078,U1,no_image.png
UU47,ឈើគ្រីស្ទាល់​ A12079,U1,no_image.png
UU48,ឈើគ្រីស្ទាល់​ A1​2081,U1,no_image.png
UU49,ឈើគ្រីស្ទាល់A12083A1,U1,no_image.png
UU50,ឈើគ្រីស្ទាល់A12085,U1,no_image.png
UU51,ឈើគ្រីស្ទាល់​ A1​2089,U1,no_image.png
UU52,ឈើគ្រីស្ទាល់A12093A1,U1,no_image.png
UU53,ឈើគ្រីស្ទាល់​A1 2095,U1,no_image.png
UU54,ឈើគ្រីស្ទាល់​ A1 2096,U1,no_image.png
UU55,ឈើគ្រីស្ទាល់​ A1 2102,U1,no_image.png
UU56,កាបូប,U1,no_image.png
UU57,ប្រអប់ក្រដាស,U1,no_image.png
UU58,ប្រអប់ស្បែក,U1,no_image.png
UU59,វាល់លី​​​​​​​​​​​​​ ,U1,no_image.png
UU60,PVC ,U1,no_image.png
UU61,ក្រដាស់,U1,no_image.png
UU62,ក្រណាត់គៀម,U1,no_image.png
UU63,អ៊ុតគៀម,U1,no_image.png
UU64,ស្កុតបិតគុលសៀវភៅ,U1,no_image.png
UU65,ក្រដាសបិតគុលសៀវភៅ,U1,no_image.png
UU66,កាវ​,U1,no_image.png
UU67,U V ,U1,no_image.png
UU68,ជុសជុល&គ្រើង​អាល់ប៊ុម,U1,no_image.png
VV1,ហ្វីល,V1,no_image.png
VV2,ទឹកថ្នាំចាក់ស៊ុំ,V1,no_image.png
VV3,កាវ,V1,no_image.png
VV4,មេថ្នាំចាក់រូប,V1,no_image.png
VV5,ក្រដាស់ខាត់,V1,no_image.png
VV6,គែម,V1,no_image.png
VV7,ជើង,V1,no_image.png
VV8,ជើងទ្រថូ,V1,no_image.png
VV9,ទំពួក,V1,no_image.png
VV10,ច្រវ៉ាក់,V1,no_image.png
VV11,ខ្ចៅ,V1,no_image.png
VV12,កែងទឹកមាស,V1,no_image.png
VV13,ស្កិតបិតខ្នង,V1,no_image.png
VV14,ការ៉ូ​,V1,no_image.png
VV15,ក្តារ,V1,no_image.png
VV16,ក្រដាស​ខាត់,V1,no_image.png
VV17,ជុសជុល&គ្រើង​សុពា្ញកាស,V1,no_image.png
